Name,Actual Price,Discounted Price,Manufacturer,Medicine URL
English Moisturizing Cold Cream Small,Rs 80,Rs. 72,English,https://dawaai.pk/english-moisturizing-cold-cream-small-43554.html
Maglite ML-50LX 3-Cell C LED - Black,"Rs 8,000","Rs. 7,200",MAGLITE,https://dawaai.pk/maglite-ml-50lx-3-cell-c-led-black-3156.html
Winter Worries Box,Rs 750,Rs. 675,Dawaai,https://dawaai.pk/winter-worries-box-1786.html
N95 Mask,Rs 550,Rs. 495,Dawaai,https://dawaai.pk/mask-n95-734.html
Johar Joshanda Sugar Free,Rs 50,Rs. 43,Qarshi,https://dawaai.pk/johar-joshanda-sugarfree-445.html
Herbline Essentials Dry Skin Kit,"Rs 7,190","Rs. 6,471",Herbline Essentials,https://dawaai.pk/herbline-essentials-dry-skin-kit-3707.html
Hashmi Joshanda  ,Rs.300/Pack,"Rs.
            
            9.00",Hashmi,https://dawaai.pk/hashmi-joshanda-34913.html
Al-Asal Natural Honey-Mug,Rs 330,Rs. 297,English,https://dawaai.pk/al-asal-natural-hone-mug-43545.html
M-low 10mg,Rs 148,Rs. 125,Sante,https://dawaai.pk/m-low-10mg-768.html
Himalayan Shilajit,Rs 680,Rs. 612,Himalayan shilajit,https://dawaai.pk/himalayan-shilajit-36870.html
Hamdard Honey 100% Natural 400gm (Pouch),Rs 360,Rs. 324,Hamdard,https://dawaai.pk/hamdard-honey-100-natural-43735.html
Jaggery (Gurr)  1kg,Rs 300,Rs. 270,Dawaai,https://dawaai.pk/jaggery-gurr-1kg-37292.html
Jaggery (Gurr) 2.5kg,Rs 650,Rs. 585,Dawaai,https://dawaai.pk/jaggery-gurr-25kg-37291.html
Jaggery (Gurr) 5kg,"Rs 1,200","Rs. 1,080",Dawaai,https://dawaai.pk/jaggery-gurr-5kg-37290.html
Jaggery (Gurr) 10kg,"Rs 2,000","Rs. 1,800",Dawaai,https://dawaai.pk/jaggery-gurr-10kg-37289.html
Al-Asal Natural Honey Bottle-Large,Rs 280,Rs. 252,English,https://dawaai.pk/al-asal-natural-honey-pet-bottle-medium-large-43547.html
Al-Asal Natural Honey Bottle-Medium,Rs 150,Rs. 135,English,https://dawaai.pk/al-asal-natural-honey-pet-bottle-medium-43546.html
Imuran 50 tablet,Rs.1720.56/Pack,"Rs.
            
            365.62",GlaxoSmithKline,https://dawaai.pk/imuran-tabs-50mg-517.html
Certeza Cuff + Bladder (pvc) Dual Tube (standard) - Cr-6005 D-p,Rs 350,Rs. 315,Certeza,https://dawaai.pk/certeza-cuff-bladder-pvc-dual-tube-standard-cr-6005-d-p-2052.html
Atarax 10mg  tablet,Rs.39.82/Pack,Rs.33.85/Pack,GlaxoSmithKline,https://dawaai.pk/atarax-25mg-516.html
Ventolin Respiratory Solution  solution,Rs.42.82/Pack,Rs.36.40/Pack,GlaxoSmithKline,https://dawaai.pk/VentolinSolution-Syrup5mg-ml-100.html
Piriton 120ml,Rs 36,Rs. 31,GlaxoSmithKline,https://dawaai.pk/piriton-120ml-1888.html
Smart Flamingo R.o.m. Knee Brace  - 2141,"Rs 9,000","Rs. 8,100",Smart Flamingo,https://dawaai.pk/smart-flamingo-rom-knee-brace-2141-1810.html
Aero Spacer (With Mask) Medium AS175 ,"Rs 1,070",Rs. 963,Rossmax,https://dawaai.pk/aero-spacer-with-mask-2-23389.html
Bright Vision First Choice Anti Dust Washable Face Mask,Rs 220,Rs. 198,Bright Vision,https://dawaai.pk/first-choice-anti-dust-washable-face-mask-33611.html
YAMASU STETHOSCOPE S120,Rs 845,Rs. 761,Yamasu,https://dawaai.pk/yamasu-stethoscope-s120-23622.html
Rappaport Stethoscope EB 500,"Rs 1,375","Rs. 1,238",Rossmax,https://dawaai.pk/rappaport-stethoscope-eb-500-22585.html
Nebulizer Mask (Adult),Rs 150,Rs. 135,Dawaai,https://dawaai.pk/nebulizer-maska-dult-36642.html
Certeza Stethoscope (Double Tube / Rappaport Head) - CR-3004,Rs 900,Rs. 810,Certeza,https://dawaai.pk/certeza-stethoscope-double-tube-rappaport-head-cr-3004-2047.html
Certeza Stethoscope For Children - CR-3003,Rs 425,Rs. 383,Certeza,https://dawaai.pk/certeza-stethoscope-for-children-cr-3003-2046.html
Certeza Stethoscope (single Head) - CR-3001,Rs 375,Rs. 338,Certeza,https://dawaai.pk/certeza-stethoscope-single-head-cr-3001-2045.html
Rossmax Rappaport Stethoscope EB500,"Rs 1,500","Rs. 1,350",Rossmax,https://dawaai.pk/rossmax-rappaport-stethoscope-eb500-23407.html
Nebulizer  NJ100,"Rs 3,750","Rs. 3,375",Rossmax,https://dawaai.pk/nebulizer-nj100-36541.html
Rossmax Piston Nebuliser NE 100,"Rs 3,950","Rs. 3,555",Rossmax,https://dawaai.pk/rossmax-piston-nebuliser-ne-100-37499.html
Rossmax Piston Nebulizer (VAT) NA100,"Rs 4,750","Rs. 4,275",Rossmax,https://dawaai.pk/rossmax-piston-nebulizer-vat-na100-23406.html
Rossmax Nebulizer Neb Kit,Rs 225,Rs. 203,Rossmax,https://dawaai.pk/rossmax-nebulizer-neb-kit-23405.html
Peak Flow Meter (Adult)  PF120A,Rs 900,Rs. 810,Rossmax,https://dawaai.pk/peak-flow-meter-adult-child-2-23391.html
Omron A3 Complete 3-in-1 Adjustable Nebulizer,"Rs 11,125","Rs. 10,013",Omron,https://dawaai.pk/omron-a3-complete-3-in-1-adjustable-nebulizer-37924.html
Omron M-3 Upper Arm Blood Pressure Monitor ,"Rs 11,375","Rs. 10,238",Omron,https://dawaai.pk/upper-arm-blood-pressure-monitor-hem-7131-e-36605.html
Certeza Mercurial Sphygmomanometer (Wall Type) - CR-2004,"Rs 5,500","Rs. 4,950",Certeza,https://dawaai.pk/certeza-mercurial-sphygmomanometer-wall-type-cr-2004-2044.html
Certeza Mercurial Sphygmomanometer (Desk Type) - CR-2001,"Rs 5,500","Rs. 4,950",Certeza,https://dawaai.pk/certeza-mercurial-sphygmomanometer-desk-type-cr-2001-2040.html
Certeza Aneroid Sphygmomanometer Palm Type (silver Gauge) - Cr-1006,"Rs 1,850","Rs. 1,665",Certeza,https://dawaai.pk/certeza-aneroid-sphygmomanometer-palm-type-silver-gauge-cr-1006-2038.html
Certeza Aneroid Sphygmomanometer  (Standard Size) - CR-1002,"Rs 1,200","Rs. 1,080",Certeza,https://dawaai.pk/certeza-aneroid-sphygmomanometer-standard-size-cr-1002-2036.html
Omron Healthcare RS1 Wrist Blood Monitor ,"Rs 6,500","Rs. 5,850",Omron,https://dawaai.pk/omron-healthcare-rs1-wrist-blood-monitor-37923.html
Dawaai Drip Stand with Stainless Steel Body,"Rs 10,775","Rs. 9,698",Dawaai,https://dawaai.pk/dawaai-803-21532.html
Dawaai Three Fowler Bed with Iron Body (ICU Bed),"Rs 36,020","Rs. 32,418",Dawaai,https://dawaai.pk/dawaai-819-21542.html
Dignity Sheet (Under Pad),Rs 715,Rs. 644,Dawaai,https://dawaai.pk/dignity-sheet-2340.html
Dawaai Three Fowler ICU Bed,"Rs 36,020","Rs. 32,418",Dawaai,https://dawaai.pk/dawaai-814-21539.html
Dawaai Double Fowler Imported Bed,"Rs 61,670","Rs. 55,503",Dawaai,https://dawaai.pk/dawaai-812-21538.html
Dawaai Double Fowler Bed,"Rs 19,820","Rs. 17,838",Dawaai,https://dawaai.pk/dawaai-810-21537.html
Dawaai Three Fowler ICU Bed with Imported Fiber Sides and Grills,"Rs 48,170","Rs. 43,353",Dawaai,https://dawaai.pk/dawaai-796-21529.html
Dawaai Three Fowler ICU Imported Bed,"Rs 96,000","Rs. 86,400",Dawaai,https://dawaai.pk/dawaai-793-21528.html
Dawaai Hydraulic ICU Bed,"Rs 60,320","Rs. 54,288",Dawaai,https://dawaai.pk/dawaai-784-21526.html
Beurer Blood Pressure Monitor BM 95,"Rs 20,500","Rs. 18,450",Beurer,https://dawaai.pk/beurer-blood-pressure-monitor-bm-95-2078.html
Beurer Blood Pressure Monitor BM 85,"Rs 13,000","Rs. 11,700",Beurer,https://dawaai.pk/beurer-blood-pressure-monitor-bm-85-2077.html
Beurer Cuff Type Blood Pressure Monitor - Bm 58,"Rs 7,000","Rs. 6,300",Beurer,https://dawaai.pk/beurer-cuff-type-blood-pressure-monitor-bm-58-2066.html
Beurer Cuff Type Blood Pressure Monitor - BM 55,"Rs 7,000","Rs. 6,300",Beurer,https://dawaai.pk/beurer-cuff-type-blood-pressure-monitor-bm-55-2065.html
Dawaai Imported Blood Pressure Machine,"Rs 10,775","Rs. 9,698",Dawaai,https://dawaai.pk/dawaai-760-21517.html
Medisign Pro Nebulizer (1 Set),"Rs 3,200","Rs. 2,880",Medisign,https://dawaai.pk/dawaai-758-21516.html
Certeza Bulb With Both Valve (pvc ) - Cr-8001l,Rs 225,Rs. 203,Certeza,https://dawaai.pk/certeza-bulb-with-both-valve-pvc-cr-8001l-2058.html
Aerosol Nebulizer,"Rs 5,510","Rs. 4,959",Dawaai,https://dawaai.pk/dawaai-755-21513.html
Easymax Blood Glucose Meter,"Rs 1,800","Rs. 1,620",Easymax,https://dawaai.pk/easymax-blood-glucose-meter-24549.html
Medisign Glucose Strip 25s,Rs 650,Rs. 585,Medisign,https://dawaai.pk/medisign-glucose-strip-25s-28125.html
One Touch Select Blood Glucose Monitering System ,"Rs 1,500","Rs. 1,350",Onetouch,https://dawaai.pk/one-touch-select-blood-glucose-monitering-system-36294.html
Medisign Glucose Strip 50's,"Rs 1,350","Rs. 1,215",Medisign,https://dawaai.pk/medisign-strip-50s-27567.html
Abbott Blood Glucose Test Strip  strip,Rs.1650/Pack,"Rs.1,402.50/Pack",Abbott,https://dawaai.pk/blood-glucose-test-strip-37518.html
Insulin Pen,"Rs 2,600","Rs. 2,210",Dawaai,https://dawaai.pk/insulin-pen-1385.html
Beurer Blood Glucose Monitor - GL 44,"Rs 2,835","Rs. 2,552",Beurer,https://dawaai.pk/beurer-blood-glucose-monitor-gl-44-1376.html
SD Codefree Blood Glucose Meter,"Rs 3,000","Rs. 2,700",SD Biosensor,https://dawaai.pk/sd-codefree-blood-glucose-meter-1375.html
Evocheck Blood Glucose Strips ,"Rs 1,450","Rs. 1,305",Evocheck,https://dawaai.pk/evocheck-blood-glucose-monitoring-system-gm700s-15408.html
Patient Gown,"Rs 1,700","Rs. 1,530",Crescent Textile,https://dawaai.pk/pateint-suits-22185.html
Dawaai Single Fowler Bed,"Rs 12,395","Rs. 11,156",Dawaai,https://dawaai.pk/dawaai-777-21523.html
Examination Gloves Medium Size,Rs 560,Rs. 504,Master,https://dawaai.pk/examination-gloves-medium-size-36551.html
Disposable Gloves 100's,Rs 50,Rs. 45,Next Pharma,https://dawaai.pk/disposible-glovesnext-15411.html
Dawaai Medicine Trolly with Iron Body,"Rs 31,970","Rs. 28,773",Dawaai,https://dawaai.pk/dawaai-818-21541.html
Dawaai Overbed Table (Food Table),"Rs 10,200","Rs. 9,180",Dawaai,https://dawaai.pk/dawaai-808-21535.html
Dawaai Examination Couch,"Rs 10,100","Rs. 9,090",Dawaai,https://dawaai.pk/dawaai-769-21520.html
Smart Flamingo Pediatric Arm Sling  - 2210,Rs 875,Rs. 788,Smart Flamingo,https://dawaai.pk/smart-flamingo-pediatric-arm-sling-2210-1809.html
Smart Flamingo Maternity Belt  - 2031,"Rs 1,295","Rs. 1,166",Smart Flamingo,https://dawaai.pk/smart-flamingo-maternity-belt-2031-1808.html
Smart Flamingo Light Knee Brace  - 2083,"Rs 1,250","Rs. 1,125",Smart Flamingo,https://dawaai.pk/smart-flamingo-light-knee-brace-2083-1807.html
Smart Flamingo Knee Stabilizer  - 2069,"Rs 2,035","Rs. 1,832",Smart Flamingo,https://dawaai.pk/smart-flamingo-knee-stabilizer-2069-1806.html
Smart Flamingo Hinged Knee Cap  - 2023,"Rs 2,250","Rs. 2,025",Smart Flamingo,https://dawaai.pk/smart-flamingo-hinged-knee-cap-2023-1805.html
Smart Flamingo Hernia Belt  - 2086,"Rs 2,475","Rs. 2,228",Smart Flamingo,https://dawaai.pk/smart-flamingo-hernia-belt-2086-1804.html
Smart Flamingo Hard Collar (height Adjustable)  - 2110,"Rs 1,495","Rs. 1,346",Smart Flamingo,https://dawaai.pk/smart-flamingo-hard-collar-height-adjustable-2110-1803.html
Smart Flamingo Gel Patella Knee Cap  - 2140,"Rs 1,360","Rs. 1,224",Smart Flamingo,https://dawaai.pk/smart-flamingo-gel-patella-knee-cap-2140-1802.html
Smart Flamingo Gel Metatarsal Pad For Female (pair)  - 2136,"Rs 1,550","Rs. 1,395",Smart Flamingo,https://dawaai.pk/smart-flamingo-gel-metatarsal-pad-for-female-pair-2136-1801.html
Dawaai Crutches,"Rs 4,025","Rs. 3,623",Dawaai,https://dawaai.pk/dawaai-753-21512.html
Smart Flamingo Gel Metatarsal Pad For Male (pair)  - 2137,"Rs 1,550","Rs. 1,395",Smart Flamingo,https://dawaai.pk/smart-flamingo-gel-metatarsal-pad-for-male-pair-2137-1800.html
Smart Flamingo Gel Exercise Ball  - 2138,Rs 725,Rs. 653,Smart Flamingo,https://dawaai.pk/smart-flamingo-gel-exercise-ball-2138-1799.html
Smart Flamingo Frog Splint  - 2097,Rs 545,Rs. 491,Smart Flamingo,https://dawaai.pk/smart-flamingo-frog-splint-2097-1798.html
Smart Flamingo Flamicrepe Bandages - 5 Cm  - 2044,Rs 199,Rs. 179,Smart Flamingo,https://dawaai.pk/smart-flamingo-flamicrepe-bandages-5-cm-2044-1797.html
Smart Flamingo Flamicrepe Bandages - 10 Cm  - 2044,Rs 299,Rs. 269,Smart Flamingo,https://dawaai.pk/smart-flamingo-flamicrepe-bandages-10-cm-2044-1796.html
Smart Flamingo Elastic Wrist Splint  - 2015,"Rs 1,095",Rs. 986,Smart Flamingo,https://dawaai.pk/smart-flamingo-elastic-wrist-splint-2015-1795.html
Smart Flamingo Clavicle Brace  - 2018,"Rs 1,815","Rs. 1,634",Smart Flamingo,https://dawaai.pk/smart-flamingo-clavicle-brace-2018-1794.html
Smart Flamingo Cervical Orthosis Philadelphia Collar  - 2009,"Rs 3,800","Rs. 3,420",Smart Flamingo,https://dawaai.pk/smart-flamingo-cervical-orthosis-philadelphia-collar-2009-1793.html
Dawaai Physiotherapy Table (Tilt table),"Rs 20,900","Rs. 18,810",Dawaai,https://dawaai.pk/dawaai-766-21519.html
Dawaai Examination Couch,"Rs 8,075","Rs. 7,268",Dawaai,https://dawaai.pk/dawaai-763-21518.html
Certeza Spare Gauge For Aneroid Sphygmomanometer - Cr-4002,Rs 550,Rs. 495,Certeza,https://dawaai.pk/certeza-spare-gauge-for-aneroid-sphygmomanometer-cr-4002-2051.html
Samerol-N Forte  tablet,Rs.50/Pack,Rs.42.50/Pack,Sami,https://dawaai.pk/samerol-n-forte-1283.html
Atarax  25mg  tablet,Rs.79.66/Pack,Rs.67.71/Pack,GlaxoSmithKline,https://dawaai.pk/atarax-25mg-515.html
Vidaylin-L,Rs 144,Rs. 122,Abbott,https://dawaai.pk/vidaylin-l-259.html
Certeza Professional New Deluxe Stethoscope - CR-777ax,"Rs 1,100",Rs. 990,Certeza,https://dawaai.pk/certeza-professional-new-deluxe-stethoscope-cr-777ax-2050.html
Dawaai Shower Chair,"Rs 13,475","Rs. 12,128",Dawaai,https://dawaai.pk/dawaai-737-21505.html
Certeza Pediatric Inner-spring Deluxe Dual Head Stethoscope - CR-747px,Rs 700,Rs. 630,Certeza,https://dawaai.pk/certeza-pediatric-inner-spring-deluxe-dual-head-stethoscope-cr-747px-2049.html
Daktacort Cream 10gm,Rs 116,Rs. 98,Janssen-Cilag,https://dawaai.pk/daktacort-cream-10gm-1537.html
Dijex MP Syp,Rs 46,Rs. 39,Abbott,https://dawaai.pk/dijex-mp-syp-1281.html
Vidaylin Syrup 120ml,Rs 71,Rs. 60,Abbott,https://dawaai.pk/vidaylin-257.html
Certeza Adult Size Inner-spring Deluxe Dual Head Stethoscope - CR-747ss,"Rs 1,800","Rs. 1,620",Certeza,https://dawaai.pk/certeza-adult-size-inner-spring-deluxe-dual-head-stethoscope-cr-747x-2048.html
Dakatacort Cream,Rs 86,Rs. 73,NA,https://dawaai.pk/dakatacort-cream-1280.html
Nutrifactor Garlic 60 Caps,Rs 690,Rs. 621,Nutrifactor,https://dawaai.pk/nutrifactor-garlic-60-caps-37585.html
Nutrifactor Folic Acid 60's,Rs 690,Rs. 621,Nutrifactor,https://dawaai.pk/nutrifactor-folic-acid-60s-37584.html
Nutrifactor Fero 30 Caps,Rs 590,Rs. 531,Nutrifactor,https://dawaai.pk/nutrifactor-fero-30-caps-37583.html
Nutrifactor Icelandic Cod Liver Oil 150ml,"Rs 1,400","Rs. 1,260",Nutrifactor,https://dawaai.pk/nutrifactor-icelandic-cod-liver-oil-150ml-37582.html
Herbion Cranfit Granules Sachet,Rs 265,Rs. 225,Herbion,https://dawaai.pk/herbion-cranfit-granules-sachet-1998.html
Nutrifactor Melatonin 3mg,Rs 690,Rs. 621,Nutrifactor,https://dawaai.pk/nutrifactor-melatonin-3mg-37579.html
Nutrifactor Nuzinc,Rs 850,Rs. 765,Nutrifactor,https://dawaai.pk/nutrifactor-opti-zinc-1-37577.html
CaC-1000 Plus Cola 20s  tablet,Rs.312.13/Pack,Rs.265.31/Pack,GlaxoSmithKline,https://dawaai.pk/cac-1000-cola-27575.html
Nature's Bounty Iron 65mg 100's,"Rs 1,550","Rs. 1,395",Natures Bounty,https://dawaai.pk/natures-bounty-iron-65mg-100s-38069.html
Nature's Bounty Vitamin D3 400 IU,"Rs 1,405","Rs. 1,265",Natures Bounty,https://dawaai.pk/vitamin-d3-400-iu-36274.html
SgIndrop D Soft Gels (200000 IU)  capsule,Rs.200/Pack,Rs.170.00/Pack,Neutro,https://dawaai.pk/indrop-d-soft-gels-6576.html
Zincat OD 20mg syrup,Rs.79.69/Pack,Rs.67.74/Pack,Atco,https://dawaai.pk/zincat-od-syp-20mg5ml-60ml-37019.html
"OPT-D 200,000 IU",Rs 230,Rs. 196,Pharmevo,https://dawaai.pk/opt-d-soft-gel-capsule-21606.html
Nature's Bounty N Bon Turmeric 450 mg 60's,"Rs 2,150","Rs. 1,828",Natures Bounty,https://dawaai.pk/n-bon-turmeric-450-mg-60s-37471.html
Maxfol 400 tablet,Rs.279.99/Pack,Rs.237.99/Pack,High Q,https://dawaai.pk/maxfol-400mcg-tab-30s-9554.html
Osnate-D  tablet,Rs.303/Pack,Rs.257.55/Pack,AGP,https://dawaai.pk/osnate-d-1-2621.html
Roxvita   tablet,Rs.480/Pack,Rs.408.00/Pack,High Q,https://dawaai.pk/roxvita-multivitamin-formula-30s-9803.html
Pregnovit  tablet,Rs.630.9/Pack,Rs.536.27/Pack,Himont Pharma,https://dawaai.pk/pregnovit-vitamins-minerals-60-tablet-7198.html
St. John's Wort,"Rs 2,995","Rs. 2,696",Nature's Bounty,https://dawaai.pk/st-johns-wort-43799.html
Lucast 10 mg tablet,Rs.300/Pack,Rs.255.00/Pack,AGP,https://dawaai.pk/lucast-2-42844.html
Deltacortril 5mg (Prednisolone)  tablet,Rs.1900/Pack,"Rs.
            
            1.62",Pfizer,https://dawaai.pk/Deltacortil-Tablet5-120.html
Myteka 4mg  tablet,Rs.222/Pack,Rs.188.70/Pack,Hilton,https://dawaai.pk/Mytekatab-Tablet10-631.html
Hydryllin,Rs 69,Rs. 59,Searle,https://dawaai.pk/hydryllin-118.html
Neo-Sedil Tab 5mg,Rs 74,Rs. 63,Sami,https://dawaai.pk/neo-sedil-tab-5mg-10100.html
Aerokast 5mg Tab,Rs 240,Rs. 204,Barrett Hodgson,https://dawaai.pk/aerokast-5mg-tab-10099.html
Myteka 4mg (pediatric Powder)  sachet,Rs.294.98/Pack,Rs.250.73/Pack,Hilton,https://dawaai.pk/MytekaSachet-Powder4-111.html
Myteka 10mg tablet,Rs.365/Pack,Rs.310.25/Pack,Hilton,https://dawaai.pk/Mytekatab-Tablet10-110.html
Myteka 5mg  tablet,Rs.335/Pack,Rs.284.75/Pack,Hilton,https://dawaai.pk/Mytekatab-Tablet5-109.html
Softin 10mg tablet,Rs.68.31/Pack,Rs.58.06/Pack,Werrick,https://dawaai.pk/softin-108.html
Telfast 120mg tablet,Rs.243.6/Pack,Rs.207.06/Pack,Sanofi Aventis,https://dawaai.pk/Telfasttab-Tablet120-107.html
Telfast 60mg tablet,Rs.146.15/Pack,Rs.124.23/Pack,Sanofi Aventis,https://dawaai.pk/Telfasttab-Tablet60-106.html
T-day 5mg,Rs 74,Rs. 63,Novartis,https://dawaai.pk/t-day-5mg-609.html
Ventek 10mg tablet,Rs.398.74/Pack,Rs.338.93/Pack,Searle,https://dawaai.pk/ventek-10mg-tab-7987.html
Omron Nebulizer NE-C803-E,"Rs 6,180","Rs. 5,253",Omron,https://dawaai.pk/omron-nebulizer-1009.html
Revolizer,Rs 656,Rs. 591,Highnoon,https://dawaai.pk/revolizer-454.html
Non-Contact Telephoto Thermometer HA 500,"Rs 4,350","Rs. 3,915",Rossmax,https://dawaai.pk/non-contact-telephoto-thermometer-36542.html
Infrared Forehead Thermometer (HA-650),"Rs 7,333","Rs. 6,600",Dawaai,https://dawaai.pk/infrared-forehead-thermometer-ha-650-44151.html
Rossmax Infrared Ear Thermometer RA600,"Rs 3,250","Rs. 2,925",Rossmax,https://dawaai.pk/rossmax-infrared-ear-thermometer-23400.html
Rossmax Digital Thermometer TG 100,Rs 280,Rs. 252,Rossmax,https://dawaai.pk/rossmax-digital-thermometer-tg-100-23398.html
Rossmax Flexible Tip Thermometer TG 380,Rs 450,Rs. 405,Rossmax,https://dawaai.pk/rossmax-flexible-tip-thermometer-tg-380-23397.html
Thermometer : Oral  (Clinical),Rs 80,Rs. 72,Dawaai,https://dawaai.pk/thermometer-oral-clinical-7777.html
Omron Digital Thermometer,Rs 760,Rs. 684,Pharmevo,https://dawaai.pk/omron-digital-thermometer-1358.html
Gentle Temp Infrared Thermometer 720,"Rs 9,875","Rs. 8,888",Omron,https://dawaai.pk/gentle-temp-infrared-thermometer-720-37920.html
Omron Eco Temp Smart Thermometer,"Rs 1,190","Rs. 1,071",Omron,https://dawaai.pk/omron-eco-temp-smart-thermometer-37918.html
Foleys Catheter 16,Rs 120,Rs. 108,Dawaai,https://dawaai.pk/foleys-catheter-16-33619.html
Silicon Foley Catheter 18fr,Rs 455,Rs. 410,Silicon,https://dawaai.pk/silicon-foley-catheter-18fr-10030.html
Dawaai Wheelchair with Fiber Wheel,"Rs 13,475","Rs. 12,128",Dawaai,https://dawaai.pk/dawaai-731-21502.html
Dawaai Wheelchair with Hard Seat,"Rs 13,475","Rs. 12,128",Dawaai,https://dawaai.pk/dawaai-729-21501.html
Dawaai Wheelchair with Commode Double Seat,"Rs 13,475","Rs. 12,128",Dawaai,https://dawaai.pk/dawaai-727-21500.html
Dawaai Wheelchair with Aluminium body and full Folding,"Rs 13,475","Rs. 12,128",Dawaai,https://dawaai.pk/dawaai-724-21499.html
Dawaai Commode Chair with Iron Body,"Rs 6,860","Rs. 6,174",Dawaai,https://dawaai.pk/dawaai-718-21497.html
Dawaai Commode Chair with full Folding body,"Rs 9,020","Rs. 8,118",Dawaai,https://dawaai.pk/dawaai-716-21496.html
Dawaai Wheelchair - 608GC,"Rs 21,000","Rs. 18,900",Dawaai,https://dawaai.pk/dawaai-714-21495.html
Dawaai Wheelchair - 802,"Rs 10,200","Rs. 9,180",Dawaai,https://dawaai.pk/dawaai-708-21494.html
Dawaai Wheelchair - 904B,"Rs 16,775","Rs. 15,098",Dawaai,https://dawaai.pk/dawaai-705-21493.html
Dawaai Wheelchair - 863L,"Rs 16,775","Rs. 15,098",Dawaai,https://dawaai.pk/dawaai-702-21492.html
Dawaai Wheelchair with full Foldable Iron Body - 863,"Rs 13,475","Rs. 12,128",Dawaai,https://dawaai.pk/dawaai-1-21491.html
Dawaai Electrical Wheelchair with Iron body - 110,"Rs 136,300","Rs. 122,670",Dawaai,https://dawaai.pk/dawaai-843-21553.html
Dawaai Electric Wheelchair with Iron body Scooty - 165,"Rs 123,500","Rs. 111,150",Dawaai,https://dawaai.pk/dawaai-839-21552.html
Dawaai Electric Wheelchair with Almunium body - 140L,"Rs 179,500","Rs. 161,550",Dawaai,https://dawaai.pk/dawaai-837-21551.html
Dawaai Electric Wheelchair with Iron Body - 119Y,"Rs 116,750","Rs. 105,075",Dawaai,https://dawaai.pk/dawaai-833-21550.html
Dawaai Electric Wheelchair with Iron Body - 110,"Rs 134,300","Rs. 120,870",Dawaai,https://dawaai.pk/dawaai-830-21549.html
Dawaai Commode Chair with Iron Body,"Rs 4,835","Rs. 4,352",Dawaai,https://dawaai.pk/dawaai-750-21511.html
Dawaai Commode Chair with Wheel,"Rs 13,475","Rs. 12,128",Dawaai,https://dawaai.pk/dawaai-741-21507.html
Dawaai Commode Chair with Aluminium Foldable Body,"Rs 13,475","Rs. 12,128",Dawaai,https://dawaai.pk/dawaai-738-21506.html
Smart Flamingo Carpal Tunnel Splint  - 2088,"Rs 1,425","Rs. 1,283",Smart Flamingo,https://dawaai.pk/smart-flamingo-carpal-tunnel-splint-2088-1792.html
Fine Toilet Tissue Rolls Fine 400 Sheets x 10 x 2 PLY,Rs 850,Rs. 765,Fine,https://dawaai.pk/fine-toilet-tissue-rolls-fine-400-sheets-x-10-x-2-ply-3487.html
Fine Toilet Tissue Rolls Extra Strong 150 Sheets x 12 x 3 PLY,Rs 840,Rs. 756,Fine,https://dawaai.pk/fine-toilet-tissue-rolls-extra-strong-150-sheets-x-12-x-3-ply-3486.html
Fine Pocket Tissue 10 x 3 PLY Menthol,Rs 20,Rs. 18,Fine,https://dawaai.pk/fine-pocket-tissue-10-x-3-ply-menthol-3479.html
Fine Facial Tissues Fine Sensation 150 x 3 x 2 PLY Fragrance,Rs 500,Rs. 450,Fine,https://dawaai.pk/fine-facial-tissues-fine-sensation-150-x-3-x-2-ply-fragrance-3477.html
Fine Facial Tissues Fine Sensation  100 x 2 PLY Strawberry,Rs 115,Rs. 104,Fine,https://dawaai.pk/fine-facial-tissues-fine-sensation-100-x-2-ply-strawberry-3475.html
Fine Facial Tissues Fine Sensation  100 x 2 PLY Peach,Rs 115,Rs. 104,Fine,https://dawaai.pk/fine-facial-tissues-fine-sensation-100-x-2-ply-peach-3474.html
Fine Facial Tissues Fine Lotion 100 x 3 PLY,Rs 200,Rs. 180,Fine,https://dawaai.pk/fine-facial-tissues-fine-lotion-100-x-3-ply-3472.html
Fine Facial Tissues Fine Classic 200 x 2 PLY,Rs 200,Rs. 180,Fine,https://dawaai.pk/fine-facial-tissues-fine-classic-200-x-2-ply-3470.html
Fine Facial Tissues Fine Classic ,Rs 160,Rs. 144,Fine,https://dawaai.pk/fine-facial-tissues-fine-classic-150-x-2-ply-3469.html
Fine Facial Tissues Fine Classic 100 x 2 PLY,Rs 115,Rs. 104,Fine,https://dawaai.pk/fine-facial-tissues-fine-classic-100-x-2-ply-3468.html
Pampers Baby Wipes 64 Counts ,Rs 300,Rs. 270,Pampers,https://dawaai.pk/pampers-baby-wipes-64-counts-38245.html
Familia 2 ply kitchen towel ,Rs 336,Rs. 302,Molfix,https://dawaai.pk/familia-2-ply-kitchen-towel-43277.html
Beurer Heating Pad With Smart Technology washable machine HK 115,"Rs 6,000","Rs. 5,400",Beurer,https://dawaai.pk/beurer-heating-pad-with-smart-technology-washable-machine-hk-115-2814.html
Beurer For the stomach & back - HK 49,"Rs 6,200","Rs. 5,580",Beurer,https://dawaai.pk/beurer-for-the-stomach-back-hk-49-2761.html
Beurer Multifunction Heating Pad - HK 55,"Rs 6,300","Rs. 5,670",Beurer,https://dawaai.pk/beurer-multifunction-heating-pad-hk-55-2760.html
Avil  50 mg,Rs.63.46/Pack,"Rs.
            
            26.97",Sanofi Aventis,https://dawaai.pk/avil-50mg-1619.html
Xynosine Nasal Spray  nasal spray,Rs.41.23/Pack,Rs.35.05/Pack,Zafa,https://dawaai.pk/xynosine-nasal-spray-337.html
Onbrez 150mcg,"Rs 2,875","Rs. 2,444",Novartis,https://dawaai.pk/onbrez-150mcg-1612.html
Deslavid 5mg tablet,Rs.110/Pack,Rs.93.50/Pack,Abbott,https://dawaai.pk/deslavid-38430.html
Senior Steam Inhaler,"Rs 3,200","Rs. 2,720",Senior,https://dawaai.pk/senior-steam-inhaler-37472.html
Clinical Flat Type Thermometer ,Rs.1800/Pack,"Rs.
            
            135.00",Master,https://dawaai.pk/clinical-flat-type-thermometer-38426.html
Nipro Iv Cannula 22,Rs 135,Rs. 122,Nipro,https://dawaai.pk/nipro-iv-cannula-22-2333.html
Dawaai Commode Chair with Foldable Body,"Rs 4,430","Rs. 3,987",Dawaai,https://dawaai.pk/dawaai-735-21504.html
Dawaai Wheel Walker with Aluminium Body,"Rs 5,780","Rs. 5,202",Dawaai,https://dawaai.pk/dawaai-747-21508.html
Victorinox Tinker - 1.4603,"Rs 2,100","Rs. 1,890",Victorinox,https://dawaai.pk/victorinox-tinker-14603-2889.html
Victorinox Forester - 0.8363.3,"Rs 4,825","Rs. 4,343",Victorinox,https://dawaai.pk/victorinox-forester-083633-2886.html
Victorinox Midnite Manager - 0.6366,"Rs 4,625","Rs. 4,163",Victorinox,https://dawaai.pk/victorinox-midnite-manager-06366-2884.html
Victorinox Bantam Red - 0.2303,"Rs 1,275","Rs. 1,148",Victorinox,https://dawaai.pk/victorinox-bantam-red-02303-2881.html
Victorinox Silver Ribbed Alox - 0.2300.26,"Rs 2,300","Rs. 2,070",Victorinox,https://dawaai.pk/victorinox-silver-ribbed-alox-0230026-2880.html
Victorinox Traveller Kit -1.8726,"Rs 12,325","Rs. 11,093",Victorinox,https://dawaai.pk/victorinox-traveller-kit-18726-2878.html
Victorinox Escort - 0.6123,"Rs 1,100",Rs. 990,Victorinox,https://dawaai.pk/victorinox-escort-06123-2877.html
Victorinox Single Blade - 0.6910,"Rs 1,100",Rs. 990,Victorinox,https://dawaai.pk/victorinox-single-blade-06910-2876.html
Victorinox Swiss Champ Black - 1.6795.3,"Rs 9,175","Rs. 8,258",Victorinox,https://dawaai.pk/victorinox-swiss-champ-black-167953-2875.html
Victorinox Parachutist Black - 0.8473.3,"Rs 5,325","Rs. 4,793",Victorinox,https://dawaai.pk/victorinox-parachutist-black-084733-2874.html
Victorinox Nomad Lockblade - 0.8353.3,"Rs 4,000","Rs. 3,600",Victorinox,https://dawaai.pk/victorinox-nomad-lockblade-083533-2873.html
Victorinox Executive Red - 0.6603,"Rs 3,390","Rs. 3,051",Victorinox,https://dawaai.pk/victorinox-executive-red-06603-2872.html
Victorinox Tourist Red - 0.3603,"Rs 2,175","Rs. 1,958",Victorinox,https://dawaai.pk/victorinox-tourist-red-03603-2870.html
Victorinox Swiss Champ - 1.6795,"Rs 9,175","Rs. 8,258",Victorinox,https://dawaai.pk/victorinox-swiss-champ-16795-2867.html
Victorinox Explorer Red - 1.6703,"Rs 4,600","Rs. 4,140",Victorinox,https://dawaai.pk/victorinox-explorer-red-16703-2866.html
Victorinox Fisherman Red - 1.4733.72,"Rs 3,875","Rs. 3,488",Victorinox,https://dawaai.pk/victorinox-fisherman-red-1473372-2865.html
Victorinox Huntsman Red - 1.3713,"Rs 3,875","Rs. 3,488",Victorinox,https://dawaai.pk/victorinox-huntsman-red-13713-2864.html
Victorinox Workchamp Large Blade Red - 0.9064,"Rs 9,800","Rs. 8,820",Victorinox,https://dawaai.pk/victorinox-workchamp-large-blade-red-09064-2863.html
Victorinox Picknicker - 0.8853,"Rs 3,825","Rs. 3,443",Victorinox,https://dawaai.pk/victorinox-picknicker-08853-2862.html
Papia 2ply prfm pe facial tissue,Rs 177,Rs. 159,Molfix,https://dawaai.pk/papia-2ply-prfm-pe-facial-tissue-43272.html
Beurer Digital Baby Food Warmer - BY 52,"Rs 4,500","Rs. 4,050",Beurer,https://dawaai.pk/beurer-digital-baby-food-warmer-jby-52-2-5038.html
MY Feedo 250ML 3214,Rs 116,Rs. 104,MY Feedo,https://dawaai.pk/my-feedo-250ml-4980.html
Beurer Manual Breast Pump BY-15,"Rs 3,750","Rs. 3,375",Beurer,https://dawaai.pk/beurer-nebulizer-by-15-21615.html
Rossmax Digital Baby Scale WE 300,"Rs 5,625","Rs. 5,063",Rossmax,https://dawaai.pk/digital-baby-scale-we-300-2-23402.html
Beurer Digital Steam Sterilizer - BY 76,"Rs 7,000","Rs. 6,300",Beurer,https://dawaai.pk/beurer-digital-steam-sterilizer-by-76-1-4945.html
Cuddles Nipple 9 Month + 2's,Rs 399,Rs. 359,Cuddles,https://dawaai.pk/nipple-9-month-2s-37908.html
Cuddles Nipple 6 Month + 2's,Rs 349,Rs. 314,Cuddles,https://dawaai.pk/nipple-6-month-2s-37907.html
Cuddles Nipple 1 Month + 2's,Rs 299,Rs. 269,Cuddles,https://dawaai.pk/nipple-1-month-2s-37906.html
Nipple 0 Month + 2's,Rs 249,Rs. 224,Cuddles,https://dawaai.pk/nipple-0-month-37905.html
Cuddles Feeder Natural Shape 330ml,Rs 499,Rs. 449,Cuddles,https://dawaai.pk/feeder-natural-shape-330ml-37904.html
Cuddles Feeder Natural Shape 260ml,Rs 449,Rs. 404,Cuddles,https://dawaai.pk/feeder-natural-shape-260ml-37903.html
Cuddles Feeder Natural Shape 150ml,Rs 399,Rs. 359,Cuddles,https://dawaai.pk/feeder-natural-shape-150ml-37902.html
The Vitamin Company Vita Acne Cream,"Rs 1,200","Rs. 1,080",The Vitamin Company,https://dawaai.pk/the-vitamin-company-vita-acne-cream-4690.html
The Vitamin Company Whitening Apricot Scrub,Rs 500,Rs. 450,The Vitamin Company,https://dawaai.pk/the-vitamin-company-whitening-apricot-scrub-4689.html
The Vitamin Company Seaweed Whitening Day Cream,Rs 500,Rs. 450,The Vitamin Company,https://dawaai.pk/the-vitamin-company-seaweed-mat-4688.html
Herbline Essentials Walnut & Henna Shampoo 220ml,"Rs 2,300","Rs. 2,070",Herbline Essentials,https://dawaai.pk/herbline-essentials-walnut-henna-shampoo-220ml-3659.html
AVON Naturals Hair Care Full Volume Shampoo 250ml,Rs 365,Rs. 329,Avon,https://dawaai.pk/avon-naturals-hair-care-full-volume-shampoo-250ml-3914.html
"Herbline Essentials Aloe Vera, Apricot & Sunflower Nourishing Cream 50gm","Rs 2,700","Rs. 2,430",Herbline Essentials,https://dawaai.pk/herbline-essentials-aloe-vera-apricot-sunflower-nourishing-cream-50gm-3655.html
Repair Rescue Shampoo - 258ml,"Rs 1,800","Rs. 1,620",Beaver Professional,https://dawaai.pk/repair-rescue-shampoo-258ml-33862.html
Herbline Essentials Aloe Vera and Honey Hydra 5 Gel 50gm,"Rs 2,500","Rs. 2,250",Herbline Essentials,https://dawaai.pk/herbline-essentials-aloe-vera-and-honey-hydra-5-gel-50gm-3652.html
Junsui Naturals Face Wash Papaya Scrub 100gm,Rs 265,Rs. 239,Junsui Naturals,https://dawaai.pk/junsui-naturals-face-wash-papaya-scrub-100gm-4918.html
Junsui Naturals Face Wash Oil Control 100gm,Rs 265,Rs. 239,Junsui Naturals,https://dawaai.pk/junsui-naturals-face-wash-oil-control-100gm-4917.html
Junsui Naturals Face Wash Pimple Fighting 100gm,Rs 265,Rs. 239,Junsui Naturals,https://dawaai.pk/junsui-naturals-face-wash-pimple-fighting-100gm-4916.html
Garnier Light & Radiant Fairness Face Wash - 100ml,Rs 269,Rs. 242,Garnier,https://dawaai.pk/garnier-light-radiant-fairness-face-wash-100ml-4660.html
Junsui Naturals Face Wash Neem 100gm,Rs 265,Rs. 239,Junsui Naturals,https://dawaai.pk/junsui-naturals-face-wash-neem-100gm-4915.html
Junsui Naturals Face Wash Cool 100gm,Rs 265,Rs. 239,Junsui Naturals,https://dawaai.pk/junsui-naturals-face-wash-cool-100gm-4914.html
Neutrogena  Oil Free Acne Wash 200 ml,"Rs 1,400","Rs. 1,260",Neutrogena,https://dawaai.pk/neutrogena-visibly-clear-oil-free-acne-wash-200-ml-4907.html
Framesi Color Lover Curl Definition Disciplinante Conditioner - 500ML,"Rs 1,050",Rs. 945,Framesi,https://dawaai.pk/framesi-color-lover-curl-definition-disciplinante-conditioner-500ml-4138.html
DERMACIDE AF SOAP,Rs 130,Rs. 117,Dawaai,https://dawaai.pk/dermacide-af-soap-36388.html
Herbline Essentials White Lily & Ginger Foaming Face Wash 150ml,"Rs 2,500","Rs. 2,250",Herbline Essentials,https://dawaai.pk/herbline-essentials-white-lily-ginger-foaming-face-wash-150ml-3600.html
Hitone Whitening Face wash,Rs 650,Rs. 585,Crysolite,https://dawaai.pk/hitone-whitening-face-wash-36367.html
Beurer Shoulder Neck heating pad - HK 54 Cosy,"Rs 6,800","Rs. 6,120",Beurer,https://dawaai.pk/beurer-shoulder-neck-heating-pad-hk-54-cosy-2759.html
Relispa Forte 80mg  tablet,Rs.91.38/Pack,Rs.77.67/Pack,Searle,https://dawaai.pk/relispa-forte-80mg-38275.html
Butterfly Breathables Maxi Thick Value Pack Large,Rs 220,Rs. 198,Butterfly,https://dawaai.pk/butterfly-butterfly-maxi-large-value-pack-18pcs-20863.html
Always Ultra Thin Extra Long 14 Pads,Rs 320,Rs. 288,Always,https://dawaai.pk/always-ultra-thin-extra-long-14-pads-38261.html
Always Ultra Thin Long 8 Pads,Rs 165,Rs. 149,Always,https://dawaai.pk/always-ultra-thin-long-8-pads-38252.html
Always Ultra Long 16 pads,Rs 350,Rs. 315,Always,https://dawaai.pk/always-ultra-long-16-pads-38250.html
Pampers Pants Culottes size 4 (9-14 kg)  2 Counts,Rs 90,Rs. 81,Pampers,https://dawaai.pk/pampers-pants-culottes-size-4-9-14-kg-38236.html
Always Maxi Thick Long 18 Pads,Rs 320,Rs. 288,Always,https://dawaai.pk/always-maxi-thick-long-18-pads-38235.html
Always Maxi Thick Extra Long 8 Pads ,Rs 180,Rs. 162,Always,https://dawaai.pk/always-maxi-thick-8-pads-38233.html
Always Ultra Thin Extra Long 7 Pads,Rs 165,Rs. 149,Always,https://dawaai.pk/always-ultra-thin-7-pads-38232.html
Always Maxi Thick Long 9 Pads,Rs 165,Rs. 149,Always,https://dawaai.pk/alway-maxi-thick-long-9-pads-1-38231.html
Butterfly Panty Liner 180mm Pack,Rs 250,Rs. 225,Butterfly,https://dawaai.pk/panty-liner-180mm-pack-43832.html
Butterfly Ultra Big Saver Long - 18Pcs Large,Rs 220,Rs. 198,Butterfly,https://dawaai.pk/butterfly-ultra-big-saver-long-43831.html
Butterfly Ultra Big Saver - 16Pcs XXL,Rs 220,Rs. 198,Butterfly,https://dawaai.pk/butterfly-ultra-big-saver-43830.html
Butterfly Maxi Cotton Extra Large,Rs 160,Rs. 144,Butterfly,https://dawaai.pk/butterfly-maxi-cotton-extra-large-43829.html
Butterfly Maxi Cotton Long,Rs 160,Rs. 144,Butterfly,https://dawaai.pk/butterfly-maxi-cotton-long-43828.html
Butterfly Maxi Breathable Extra Long,Rs 160,Rs. 144,Butterfly,https://dawaai.pk/butterfly-maxi-breathable-extra-long-43827.html
Butterfly Maxi Breathable 9 Long ,Rs 160,Rs. 144,Butterfly,https://dawaai.pk/butterfly-maxi-breathable-long-ultra-43826.html
Butterfly Ultra Breathable Soft Pack 8 Pcs,Rs 150,Rs. 135,Butterfly,https://dawaai.pk/butterfly-ultra-breathable-soft-pack-8-pcs-43825.html
Hydryllin Dm,Rs 72,Rs. 61,Searle,https://dawaai.pk/hydryllin-dm-325.html
Hydryllin Sugar Free,Rs 69,Rs. 59,Searle,https://dawaai.pk/hydryllin-sugar-free-324.html
Montiget 10mg  tablet,Rs.355/Pack,Rs.301.75/Pack,Getz,https://dawaai.pk/montiget-10mg-315.html
Senergy-OD,Rs 50,Rs. 43,Highnoon,https://dawaai.pk/senergy-od-1849.html
Ventolin Expectorant (sugar Free),Rs 52,Rs. 44,GlaxoSmithKline,https://dawaai.pk/ventolin-expectorant-sugar-free-1844.html
Clenil 250 mcg  inhalar  inhaler,Rs.530/Pack,Rs.450.50/Pack,Chiesi,https://dawaai.pk/clenil-nebuliser-560.html
Singulair 5mg  ,Rs.1205.36/Pack,"Rs.1,024.56/Pack",OBS,https://dawaai.pk/singulair-5mg-paediatric-1839.html
Unifyline 400mg,Rs 186,Rs. 158,Platinum,https://dawaai.pk/unifyline-400mg-1316.html
Oxycrom Nasal Spray,Rs 227,Rs. 193,Sante,https://dawaai.pk/oxycrom-nasal-spray-1057.html
Herbion Linkus Nova Lozenges,Rs 360,Rs. 306,Herbion,https://dawaai.pk/herbion-linkus-nova-lozenges-1994.html
Herbion Toot Rus Lozenges - 96s,Rs 360,Rs. 306,Herbion,https://dawaai.pk/herbion-toot-rus-lozenges-96s-1992.html
Johar Joshanda,Rs 10,Rs. 9,Qarshi,https://dawaai.pk/johar-joshanda-sugarfree-446.html
Strepsils Lozenges - Original,Rs 75,Rs. 68,RB,https://dawaai.pk/strepsils-443.html
Strepsils Lozenges - Cool,Rs 90,Rs. 81,RB,https://dawaai.pk/strepsils-lozenges-cool-1066.html
Face Mask 3ply without nose pin,Rs 15,Rs. 14,Dawaai,https://dawaai.pk/face-masks-853.html
The Vitamin Company Krack Cream,Rs 500,Rs. 450,The Vitamin Company,https://dawaai.pk/the-vitamin-company-krack-4692.html
AVON Care Smoothing Olive Oil Hand Cream For Very Dry Skin 100ml,Rs 525,Rs. 473,Avon,https://dawaai.pk/avon-care-smoothing-olive-oil-hand-cream-for-very-dry-skin-100ml-3912.html
AVON Care Glycerine Hand & Nail Cream For Normal/Dry Skin 200ml,Rs 625,Rs. 563,Avon,https://dawaai.pk/avon-care-glycerine-hand-nail-cream-for-normaldry-skin-200ml-3911.html
AVON Care Argan Oil Hand Cream For Dry Skin - 100ml,Rs 530,Rs. 477,Avon,https://dawaai.pk/avon-care-argan-oil-hand-cream-for-dry-skin-100ml-3910.html
AVON Care Cocoa Butter Hand Cream For Dry Skin 100ml,Rs 525,Rs. 473,Avon,https://dawaai.pk/avon-care-cocoa-butter-hand-cream-for-dry-skin-100ml-3909.html
Linkus Balm,Rs 75,Rs. 68,Herbion,https://dawaai.pk/linkus-balm-1594.html
English Moisturizing Cold Cream Large,Rs 110,Rs. 99,English,https://dawaai.pk/english-moisturizing-cold-cream-large-43555.html
Anker PowerCore + Quick Charge 3.0 13400 - A1316011,"Rs 6,000","Rs. 5,400",Anker,https://dawaai.pk/anker-powercore-quick-charge-30-13400-a1316011-8161.html
Anker PowerCore Slim Portable Charger 5000 - A1250011,"Rs 3,500","Rs. 3,150",Anker,https://dawaai.pk/anker-powercore-slim-portable-charger-5000-a1250011-8160.html
Anker PowerCore Speed Quick Charge 3.0 20000 - A1274H11,"Rs 6,700","Rs. 6,030",Anker,https://dawaai.pk/anker-powercore-speed-quick-charge-30-20000-a1274h11-8159.html
Anker PowerCore Speed Quick Charge 3.0 10000 - A1266011,"Rs 5,000","Rs. 4,500",Anker,https://dawaai.pk/anker-powercore-speed-quick-charge-30-10000-a1266011-8158.html
Anker PowerCore Black 10050 - A1310H11,"Rs 5,600","Rs. 5,040",Anker,https://dawaai.pk/anker-powercore-black-10050-a1310h11-8157.html
Anker PowerCore External Battery Pack Black 10400 mAh - A1214H11,"Rs 3,800","Rs. 3,420",Anker,https://dawaai.pk/anker-powercore-external-battery-pack-black-10400-mah-a1214h11-8156.html
Anker PowerCore + USB-C Black 20100 - A1371H12,"Rs 8,000","Rs. 7,200",Anker,https://dawaai.pk/anker-powercore-usb-c-black-20100-a1371h12-8155.html
Anker Astro E1 External Battery Black 5200mAh - A1211H12,"Rs 2,800","Rs. 2,520",Anker,https://dawaai.pk/anker-astro-e1-external-battery-black-5200mah-a1211h12-8154.html
Anker Extended  Battery Case For Iphone6 3100MAH Black - A1404H11,"Rs 6,500","Rs. 5,850",Anker,https://dawaai.pk/anker-extended-battery-case-for-iphone6-3100mah-black-a1404h11-8153.html
Anker Powercore+ 10050 (Black) Online Packaging - A1310H12,"Rs 5,500","Rs. 4,950",Anker,https://dawaai.pk/anker-powercore-10050-black-online-packaging-a1310h12-8152.html
Anker Powercore+20100 Usb-C Un Black - A1371H11,"Rs 8,000","Rs. 7,200",Anker,https://dawaai.pk/anker-powercore20100-usb-c-un-black-a1371h11-8151.html
Anker Powercore External Battery 15600MAH Black - A1252011,"Rs 5,000","Rs. 4,500",Anker,https://dawaai.pk/anker-powercore-external-battery-15600mah-black-a1252011-8150.html
Anker Powercore 10400MAH External Battery Pack Black - A1214011,"Rs 3,500","Rs. 3,150",Anker,https://dawaai.pk/anker-powercore-10400mah-external-battery-pack-black-a1214011-8149.html
Anker Astro E1 5200MAH External Battery Black - A1211H11,"Rs 2,600","Rs. 2,340",Anker,https://dawaai.pk/anker-astro-e1-5200mah-external-battery-black-a1211h11-8148.html
Anker Powercore Mini 3350MAH Portable Charger Bank - A1108H11,"Rs 2,200","Rs. 1,980",Anker,https://dawaai.pk/anker-powercore-mini-3350mah-portable-charger-bank-a1108h11-8147.html
Victorinox Swiss Lite Red - 0.6228,"Rs 3,300","Rs. 2,970",Victorinox,https://dawaai.pk/victorinox-swiss-lite-red-06228-2861.html
Cuddles Feeder Natural Shape 60ml,Rs 349,Rs. 314,Cuddles,https://dawaai.pk/feeder-natural-shape-60ml-37901.html
Herbline Essentials Neem and Brahmi Face Wash 120ml,"Rs 1,990","Rs. 1,791",Herbline Essentials,https://dawaai.pk/herbline-essentials-neem-and-brahmi-face-wash-120ml-3599.html
Butterfly Ultra Breathable Soft Pack 7 Pcs,Rs 150,Rs. 135,Butterfly,https://dawaai.pk/butterfly-ultra-breathable-soft-pack-7-pcs-43824.html
Tiovair-F  18mcg / 12mcg capsule,Rs.762.15/Pack,Rs.647.83/Pack,Highnoon,https://dawaai.pk/tiovair-18mcg-533.html
Strepsils Lozenges - Honey & Lemon,Rs 75,Rs. 68,RB,https://dawaai.pk/strepsils-lozenges-honey-lemon--1065.html
Molfix pant e.large - twin pack 22's,"Rs 1,099",Rs. 989,Molfix,https://dawaai.pk/molfix-pant-elarge-twin-pack-43264.html
Herbline Essentials Margosa Shampoo 220ml,"Rs 2,300","Rs. 2,070",Herbline Essentials,https://dawaai.pk/herbline-essentials-margosa-shampoo-220ml-3654.html
Deep Cleansing Shampoo - 258ml,"Rs 1,800","Rs. 1,620",Beaver Professional,https://dawaai.pk/deep-cleansing-shampoo-258ml-33861.html
Herbline Essentials Henna Liquorice Shampoo 220ml,"Rs 2,300","Rs. 2,070",Herbline Essentials,https://dawaai.pk/herbline-essentials-henna-liquorice-shampoo-220ml-3651.html
Nutritive Moisturizing Shampoo - 768ml,"Rs 3,800","Rs. 3,420",Beaver Professional,https://dawaai.pk/nutritive-moisturizing-shampoo-768ml-33858.html
Head & Shoulders Classic Clean Shampoo ,Rs 199,Rs. 179,Head & Shoulders,https://dawaai.pk/head-shoulders-classic-clean-shampoo-200ml-3645.html
Framesi Color Lover Moisture Control Nutriente Shampoo - 500ml,"Rs 1,050",Rs. 945,Framesi,https://dawaai.pk/framesi-color-lover-moisture-control-nutriente-shampoo-500ml-4143.html
Pampers New Baby-Dry Size 2 (3-8 KG) 20 Counts,Rs 840,Rs. 756,Pampers,https://dawaai.pk/pampers-new-baby-dry-size-2-3-8-kg-20-counts-38247.html
Megatar Shampoo,Rs 390,Rs. 351,Maxitech Pharma,https://dawaai.pk/meditar-shampoo-796.html
Pampers Baby-Dry Size 4 (9-18 KG Maxi) 32 Counts,"Rs 1,490","Rs. 1,341",Pampers,https://dawaai.pk/pampers-baby-dry-size-4-9-18-kg-maxi-32-counts-38246.html
Pampers Baby-Dry Size 5 (11-25 KG) 8 Count ,Rs 420,Rs. 378,Pampers,https://dawaai.pk/pampers-baby-dry-size-5-11-25-kg-8-count-38244.html
Pampers Premium Care Size 5 (11-25 KG) 48 Counts,"Rs 2,890","Rs. 2,601",Pampers,https://dawaai.pk/pampers-premium-care-size-5-11-25-kg-48-counts-38242.html
Pampers Premium care Size 5 (11-25 KG) 24 Counts,"Rs 1,390","Rs. 1,251",Pampers,https://dawaai.pk/pampers-premium-care-size-5-11-25-kg-24-counts-38241.html
Pampers Baby Dry Size 3 (6-10 KG) 36 Counts,"Rs 1,490","Rs. 1,341",Pampers,https://dawaai.pk/pampers-baby-dry-size-3-6-10-kg-36-counts-38240.html
Pampers Pants Culottes Size 6 (16+ KG) Extra Large 24 Counts,"Rs 1,230","Rs. 1,107",Pampers,https://dawaai.pk/pampers-pantsculottes-size-6-16-kg-extra-large-24-counts-38239.html
Pampers Baby-Dry Size 4 (9-18 KG) 8 Counts,Rs 420,Rs. 378,Pampers,https://dawaai.pk/pampers-baby-dry-size-4-9-18-kg-8-counts-38237.html
Pampers Premium Care Size 4 (9-18 KG) 52 Counts,"Rs 2,890","Rs. 2,601",Pampers,https://dawaai.pk/pampers-premium-care-size-4-9-18-kg-52-counts-38228.html
Pampers Baby Dry Size 5 (11-25Kg) 60 Counts ,"Rs 2,600","Rs. 2,340",Pampers,https://dawaai.pk/pampers-baby-dry-size-5-11-25kg-60-counts-38441.html
Butterfly Bumpies Medium Size 3 (4-9Kg) 56 Diapers,"Rs 1,499","Rs. 1,349",Butterfly,https://dawaai.pk/butterfly-bumpies-medium-size-3-4-9kg-56-diapers-38440.html
Pampers Pants Culottes Size 5 (12-18kg) 52 Counts,"Rs 2,600","Rs. 2,340",Pampers,https://dawaai.pk/pampers-pants-culottes-size-5-12-18kg-52-counts-43303.html
Pampers Premium Care Size 2 (3-8kg) 40 Counts,"Rs 1,200","Rs. 1,080",Pampers,https://dawaai.pk/pampers-premium-care-size-2-3-8kg-40-counts-1-38439.html
Molfix pant e.large - jumbo pack 44's,"Rs 2,067","Rs. 1,860",Molfix,https://dawaai.pk/molfix-pant-elarge-jumbo-pack-43270.html
Molfix pant junior - jumbo pack 52's,"Rs 2,067","Rs. 1,860",Molfix,https://dawaai.pk/molfix-pant-junior-jumbo-pack-43267.html
Molfix pant maxi - jumbo pack 56's,"Rs 2,067","Rs. 1,860",Molfix,https://dawaai.pk/molfix-pant-maxi-jumbo-pack-43266.html
Molfix pant midi - jumbo pack 62's,"Rs 2,067","Rs. 1,860",Molfix,https://dawaai.pk/molfix-pant-midi-jumbo-pack-43265.html
Tea Tree Oil Shampoo - 350ml,"Rs 1,800","Rs. 1,620",Beaver Professional,https://dawaai.pk/oil-shampoo-350ml-33638.html
Marula Oil Shampoo - 730ml,"Rs 3,400","Rs. 3,060",Beaver Professional,https://dawaai.pk/marula-oil-shampoo-700ml-33634.html
Marula Oil Shampoo - 350ml,"Rs 1,800","Rs. 1,620",Beaver Professional,https://dawaai.pk/marula-oil-shampoo-350ml-33633.html
 Intensive Moisture Shampoo,"Rs 2,000","Rs. 1,800",Luxliss Keratin,https://dawaai.pk/intensive-moisture-shampoo-33629.html
Deep Cleansing Shampoo,"Rs 2,000","Rs. 1,800",Luxliss Keratin,https://dawaai.pk/deep-cleansing-shampoo-33623.html
Wiwid Shampoo 150ml,Rs 465,Rs. 419,Maxitech Pharma,https://dawaai.pk/wiwid-shampoo-150ml-1365.html
Daily Care Shampoo,"Rs 2,300","Rs. 2,070",Luxliss Keratin,https://dawaai.pk/daily-care-shampoo-33620.html
Claree Shampoo- Olive,Rs 155,Rs. 140,Herbion,https://dawaai.pk/claree-shampoo-olive-1363.html
Claree Shampoo- Aloe Vera,Rs 155,Rs. 140,Herbion,https://dawaai.pk/claree-shampoo-aloe-vera-1362.html
NATURICOS SHAMPOO PH,Rs 415,Rs. 374,Dawaai,https://dawaai.pk/naturicos-shampoo-ph-34382.html
